id;title;description;body
1;Director;Monitored Legacy;Refined Cotton Cheese
2;West Virginia Strategist;Checking Account Bacon;indexing Incredible withdrawal
3;infrastructures;Cambridgeshire black;frictionless Configurable
4;bypassing back-end;Practical Cotton Pants;Ergonomic Concrete Soap
5;Object-based overriding l;Cambodia navigating;Investor innovative Serbia
6;Auto Loan Account Soft;Inverse experiences convergence;Table Antarctica (the territory South of 60 deg S) encryption
7;Delaware monitoring Gorge;syndicate;Iowa Chief
8;teal Producer Malawi;users;input
9;optical needs-based;virtual Forward Investment Account;reboot hard drive Sausages
10;Credit Card Account Dalas;back-end directional;Gorgeous revolutionary
